published_at,title,article_text,url,source_name,country,language,keyword,source_api,entities
2026-01-20T09:30:11.000000Z,Invesco Electric Vehicle Metals Commodity Strategy No K-1 ETF (EVMT US) - Portfolio Construction Methodology,"The investment strategy underpinning the actively managed Invesco Electric Vehicle Metals Commodity Strategy No K-1 ETF governs exposure to commodity linked… | Invesco Electric Vehicle Metals Commodity Strategy No K-1 ETF (EVMT US) – Portfolio Construction Methodology

The investment strategy underpinning the activel...",https://www.etfstrategy.com/evmt_us/,etfstrategy.com,,en,commodity portfolio rebalancing,Marketaux,
2026-01-15T14:54:00.000000Z,5 Reasons Why ‘Sell America’ Is Gaining Traction in 2026,"Market Analysis by  covering: . Read 's Market Analysis on Investing.com | The ‘Sell America’ trade has returned for 2026 and will remain a defining feature of markets through the rest of the year.

A convergence of events is forci...",https://www.investing.com/analysis/5-reasons-why-sell-america-will-define-2026-200673282,investing.com,,en,precious metals reallocation Europe,Marketaux,
2025-12-29T10:18:32.000000Z,2025 in Review: Gold's biggest gain this year since 1979,Gold made its biggest jump since the 1979 oil crisis in 2025 - with prices doubling in the last two years - a performance which might previously have meant forecasts of a big correction. | Gold made its biggest jump since the 1979 oil crisis in 2025 - with prices doubling in the last two years - a performance which might previously have meant fore...,https://www.rte.ie/news/business/2025/1229/1550793-gold-prices-in-2025/,rte.ie,,en,precious metals reallocation Europe,Marketaux,MORGAN STANLEY
2025-10-20T21:05:06.000000Z,Week Ahead: Gold & Silver Real Rates and Safe-Haven Flows,"Analyze the impact of Gold & Silver real rates on investments. Understand how yields and demand influence market movements. | KEY TAKEAWAYS Falling real yields continue to support gold’s strength, while a rebound in yields could limit gains.

India’s festival season and slower silv...",https://investinghaven.com/gold/week-ahead-gold-silver-real-rates-jewelry-seasonality-and-where-safe-haven-flows-go/,investinghaven.com,,en,silver ETF flows,Marketaux,
2025-10-11T13:07:45.000000Z,Alexandra Symeonidi: «Gold Shines But Platinum Leads»,"Gold has shattered the $4,000 barrier, brushing aside a strong dollar as investors and central banks alike turn to the metal amid mounting global uncertainty. The rally underscores a shift in sentiment: risk is back on the radar, and gold is once again its favorite refuge. | Alexandra Symeonidi: «Gold Shines But Platinum Leads»

Gold has shattered the $4,000 barrier, brushing aside a strong dollar as investors and central banks al...",https://www.finews.asia/finance/44151-gold-william-blair-alexandra-symeonidi-precious-metals,finews.asia,,en,precious metals reallocation Europe,Marketaux,
2025-10-02T16:28:36.000000Z,2025 Treasury Moves Drive Safe-Haven Flows Into Gold and Silver,"Uncover the dynamics of Safe-Haven flows into gold and silver, reflecting shifts in macro cash flows and market trends. | Falling real yields and heavy ETF buying pushed gold and silver to multi-year highs. Traders now watch real yields, ETF flows, the dollar, and options skew for ...",https://investinghaven.com/gold/how-2025-treasury-moves-rerouted-safe-haven-flows-into-gold-and-silver-and-what-that-means-for-traders/,investinghaven.com,,en,silver ETF flows,Marketaux,SPDR Gold Trust
2024-04-18T17:00:00.000000Z,"Market Sentiment Analysis & Outlook: Gold, Silver, Crude Oil","This article analyzes retail sentiment in three markets: gold, silver and crude oil, exploring the role of contrarian technical indicators in anticipating shifts in price movements. | Most Read: US Dollar Still on Bullish Path; Setups on EUR/USD, GBP/USD, USD/JPY, USD/CAD

Trading often tempts us to follow the crowd – buying in a frenzy and...",https://www.dailyfx.com/news/market-sentiment-analysis-outlook-gold-silver-crude-oil-20240418.html,dailyfx.com,,en,silver market outlook,Marketaux,"USD/CAD, USD/GBP, USD/JPY, GBP/USD, EUR/USD, JPY/USD"
2023-06-11T13:18:26.000000Z,Silver Stocks Outlook For 2023,Our silver stocks outlook 2023 is bullish and very bullish for specific silver miners. We expect 100% upside in some silver stocks in 2023. | Our silver stocks outlook for 2023 and beyond is very bullish. We can’t make it any clearer than this. We assume that the base case in our silver forecast 202...,https://s14085.pcdn.co/forecasts/silver-stocks-outlook-2023/,investinghaven.com,,en,silver market outlook,Marketaux,
2023-04-12T20:30:30.000000Z,"Gold ETF Flows Steady as Equities, Bonds Positive","Gold ETF flows were the main story in weekly asset flows over the last week or so, as central banks ravenously gather the precious metal. | Another edition of weekly ETF flows is in the book, and this week, it’s gold that stood out, driving flows into the commodities category overall. Gold ETF flo...",https://www.etftrends.com/gold-silver-investing-channel/gold-etf-flows-steady-as-equities-bonds-positive/,etftrends.com,,en,silver ETF flows,Marketaux,"Invesco QQQ Trust, SPDR Gold Shares, iShares Gold Trust, iShares iBoxx $ Investment Grade Corporate Bond ETF, SPDR S&P 500 ETF Trust, iShares Gold Trust, iShares iBoxx $ Investment Grade Corporate Bond ETF, ISHARES GOLD TRUST, SPDR Gold Shares, SPDR Gold Shares, iShares iBoxx $ Investment Grade Corporate Bond ETF, iShares Gold Trust, SPDR S&P 500 ETF Trust, iShares Gold Trust, SPDR Gold Shares, Ishares Gold Trust"
2022-12-19T11:18:26.000000Z,Silver Stocks Outlook For 2023,Our silver stocks outlook 2023 is bullish and very bullish for specific silver miners. We expect 100% upside in some silver stocks in 2023. | Our silver stocks outlook for 2023 and beyond is very bullish. We can’t make it any clearer than this. We assume that the base case in our silver forecast 202...,http://s14085.pcdn.co/forecasts/silver-stocks-outlook-2023/,investinghaven.com,,en,silver market outlook,Marketaux,
2022-02-28T11:00:44.000000Z,A tactical portfolio rebalancing can cut your risks in troubling times,"Martin Pelletier: Choosing the wrong benchmark can lead to performance chasing, poor results and excessive risk taking | This advertisement has not loaded yet, but your article continues below.

A tactical portfolio rebalancing can cut your risks in troubling times Martin Pelletie...",https://financialpost.com/investing/a-tactical-portfolio-rebalancing-can-cut-your-risks-in-troubling-times,thepost.on.ca,,en,commodity portfolio rebalancing,Marketaux,"iShares U.S. Treasury Bond ETF, iShares U.S. Treasury Bond ETF, iShares U.S. Treasury Bond ETF, iShares U.S. Treasury Bond ETF, Altus Group Limited"
2021-12-13T22:02:18.000000Z,Estimating Rebalancing Premium in Cryptocurrencies,"Our new article investigates ""rebalancing premium"" or ""diversification return"" in cryptocurrencies that investors can achieve by periodically rebalancing their portfolios. We analyze whether the daily/ monthly rebalanced portfolios outperform a simple buy-and-hold portfolio of cryptocurrencies and under which conditions. Additionally, we also look at the various combinations of volatile cryptocurrency portfolios with low-risk bonds. | Estimating Rebalancing Premium in Cryptocurrencies

A long time ago, before elevators were a thing, a simple mechanism was used to get the miners in and out of ...",https://quantpedia.com/estimating-rebalancing-premium-in-cryptocurrencies/,quantpedia.com,,en,commodity portfolio rebalancing,Marketaux,"iShares 3-7 Year Treasury Bond ETF, Bitcoin, Ethereum, Litecoin, Stellar, TRON, Monero, Zilliqa, Zcash, Basic Attention Token, 0x, DigiByte, Verge, Bitcoin Gold, Loopring, Status, Request, iShares 3-7 Year Treasury Bond ETF"
